"PSPath","PSParentPath","PSChildName","PSDrive","PSProvider","PSIsContainer","Mode","VersionInfo","BaseName","Target","LinkType","Name","Length","DirectoryName","Directory","IsReadOnly","Exists","FullName","Extension","CreationTime","CreationTimeUtc","LastAccessTime","LastAccessTimeUtc","LastWriteTime","LastWriteTimeUtc","Attributes"
"Microsoft.PowerShell.Core\FileSystem::C:\Users\Admin\Desktop\Cours GC31\Cours les effets des explosions sur des structures en b?ton arm?\Examen GC31\Examen Oussama Atoui 2025-2026\Answers to Exam effets des explosions sur les structures GC31 2026.pdf","Microsoft.PowerShell.Core\FileSystem::C:\Users\Admin\Desktop\Cours GC31\Cours les effets des explosions sur des structures en b?ton arm?\Examen GC31\Examen Oussama Atoui 2025-2026","Answers to Exam effets des explosions sur les structures GC31 2026.pdf","C","Microsoft.PowerShell.Core\FileSystem","False","-a----","File:             C:\Users\Admin\Desktop\Cours GC31\Cours les effets des explosions sur des structures en b?ton arm?\Examen GC31\Examen Oussama Atoui 2025-2026\Answers to Exam effets des explosions sur les structures GC31 2026.pdf
InternalName:     
OriginalFilename: 
FileVersion:      
FileDescription:  
Product:          
ProductVersion:   
Debug:            False
Patched:          False
PreRelease:       False
PrivateBuild:     False
SpecialBuild:     False
Language:         
","Answers to Exam effets des explosions sur les structures GC31 2026","System.Collections.Generic.List`1[System.String]",,"Answers to Exam effets des explosions sur les structures GC31 2026.pdf","914875","C:\Users\Admin\Desktop\Cours GC31\Cours les effets des explosions sur des structures en b?ton arm?\Examen GC31\Examen Oussama Atoui 2025-2026","C:\Users\Admin\Desktop\Cours GC31\Cours les effets des explosions sur des structures en b?ton arm?\Examen GC31\Examen Oussama Atoui 2025-2026","False","True","C:\Users\Admin\Desktop\Cours GC31\Cours les effets des explosions sur des structures en b?ton arm?\Examen GC31\Examen Oussama Atoui 2025-2026\Answers to Exam effets des explosions sur les structures GC31 2026.pdf",".pdf","12/11/2025 8:57:21 AM","12/11/2025 7:57:21 AM","12/11/2025 8:57:26 AM","12/11/2025 7:57:26 AM","12/11/2025 8:57:24 AM","12/11/2025 7:57:24 AM","Archive"
"Microsoft.PowerShell.Core\FileSystem::C:\Users\Admin\Desktop\Cours GC31\Cours les effets des explosions sur des structures en b?ton arm?\Examen GC31\Examen Oussama Atoui 2025-2026\Examen effets des explosions sur les structures GC31 2026 -V2.pdf","Microsoft.PowerShell.Core\FileSystem::C:\Users\Admin\Desktop\Cours GC31\Cours les effets des explosions sur des structures en b?ton arm?\Examen GC31\Examen Oussama Atoui 2025-2026","Examen effets des explosions sur les structures GC31 2026 -V2.pdf","C","Microsoft.PowerShell.Core\FileSystem","False","-a----","File:             C:\Users\Admin\Desktop\Cours GC31\Cours les effets des explosions sur des structures en b?ton arm?\Examen GC31\Examen Oussama Atoui 2025-2026\Examen effets des explosions sur les structures GC31 2026 -V2.pdf
InternalName:     
OriginalFilename: 
FileVersion:      
FileDescription:  
Product:          
ProductVersion:   
Debug:            False
Patched:          False
PreRelease:       False
PrivateBuild:     False
SpecialBuild:     False
Language:         
","Examen effets des explosions sur les structures GC31 2026 -V2","System.Collections.Generic.List`1[System.String]",,"Examen effets des explosions sur les structures GC31 2026 -V2.pdf","747077","C:\Users\Admin\Desktop\Cours GC31\Cours les effets des explosions sur des structures en b?ton arm?\Examen GC31\Examen Oussama Atoui 2025-2026","C:\Users\Admin\Desktop\Cours GC31\Cours les effets des explosions sur des structures en b?ton arm?\Examen GC31\Examen Oussama Atoui 2025-2026","False","True","C:\Users\Admin\Desktop\Cours GC31\Cours les effets des explosions sur des structures en b?ton arm?\Examen GC31\Examen Oussama Atoui 2025-2026\Examen effets des explosions sur les structures GC31 2026 -V2.pdf",".pdf","12/11/2025 8:58:24 AM","12/11/2025 7:58:24 AM","12/11/2025 9:33:28 AM","12/11/2025 8:33:28 AM","12/11/2025 8:58:25 AM","12/11/2025 7:58:25 AM","Archive"
"Microsoft.PowerShell.Core\FileSystem::C:\Users\Admin\Desktop\Cours GC31\Cours les effets des explosions sur des structures en b?ton arm?\Examen GC31\Examen Oussama Atoui 2025-2026\exam_explosions_gc31.pdf","Microsoft.PowerShell.Core\FileSystem::C:\Users\Admin\Desktop\Cours GC31\Cours les effets des explosions sur des structures en b?ton arm?\Examen GC31\Examen Oussama Atoui 2025-2026","exam_explosions_gc31.pdf","C","Microsoft.PowerShell.Core\FileSystem","False","-a----","File:             C:\Users\Admin\Desktop\Cours GC31\Cours les effets des explosions sur des structures en b?ton arm?\Examen GC31\Examen Oussama Atoui 2025-2026\exam_explosions_gc31.pdf
InternalName:     
OriginalFilename: 
FileVersion:      
FileDescription:  
Product:          
ProductVersion:   
Debug:            False
Patched:          False
PreRelease:       False
PrivateBuild:     False
SpecialBuild:     False
Language:         
","exam_explosions_gc31","System.Collections.Generic.List`1[System.String]",,"exam_explosions_gc31.pdf","747077","C:\Users\Admin\Desktop\Cours GC31\Cours les effets des explosions sur des structures en b?ton arm?\Examen GC31\Examen Oussama Atoui 2025-2026","C:\Users\Admin\Desktop\Cours GC31\Cours les effets des explosions sur des structures en b?ton arm?\Examen GC31\Examen Oussama Atoui 2025-2026","False","True","C:\Users\Admin\Desktop\Cours GC31\Cours les effets des explosions sur des structures en b?ton arm?\Examen GC31\Examen Oussama Atoui 2025-2026\exam_explosions_gc31.pdf",".pdf","12/12/2025 3:41:46 PM","12/12/2025 2:41:46 PM","12/12/2025 3:42:13 PM","12/12/2025 2:42:13 PM","12/11/2025 8:58:25 AM","12/11/2025 7:58:25 AM","Archive"
"Microsoft.PowerShell.Core\FileSystem::C:\Users\Admin\Desktop\Cours GC31\Cours les effets des explosions sur des structures en b?ton arm?\Examen GC31\Examen Oussama Atoui 2025-2026\partie 2.pdf","Microsoft.PowerShell.Core\FileSystem::C:\Users\Admin\Desktop\Cours GC31\Cours les effets des explosions sur des structures en b?ton arm?\Examen GC31\Examen Oussama Atoui 2025-2026","partie 2.pdf","C","Microsoft.PowerShell.Core\FileSystem","False","-a----","File:             C:\Users\Admin\Desktop\Cours GC31\Cours les effets des explosions sur des structures en b?ton arm?\Examen GC31\Examen Oussama Atoui 2025-2026\partie 2.pdf
InternalName:     
OriginalFilename: 
FileVersion:      
FileDescription:  
Product:          
ProductVersion:   
Debug:            False
Patched:          False
PreRelease:       False
PrivateBuild:     False
SpecialBuild:     False
Language:         
","partie 2","System.Collections.Generic.List`1[System.String]",,"partie 2.pdf","486818","C:\Users\Admin\Desktop\Cours GC31\Cours les effets des explosions sur des structures en b?ton arm?\Examen GC31\Examen Oussama Atoui 2025-2026","C:\Users\Admin\Desktop\Cours GC31\Cours les effets des explosions sur des structures en b?ton arm?\Examen GC31\Examen Oussama Atoui 2025-2026","False","True","C:\Users\Admin\Desktop\Cours GC31\Cours les effets des explosions sur des structures en b?ton arm?\Examen GC31\Examen Oussama Atoui 2025-2026\partie 2.pdf",".pdf","12/27/2025 1:31:29 PM","12/27/2025 12:31:29 PM","12/27/2025 1:31:30 PM","12/27/2025 12:31:30 PM","12/27/2025 1:31:30 PM","12/27/2025 12:31:30 PM","Archive"
